'companies then users can manage the user digital identities','improve the security of the IT services','end-users can have privacy and control over their digital identity','enabling organizations then users to manage identities where data protection improve systems security'
0.328357070684433,0.2570117115974426,0.2982052266597748,0.3706841468811035
0.328357070684433,0.2570117115974426,0.2982052266597748,0.3706841468811035
0.328357070684433,0.2570117115974426,0.2982052266597748,0.3706841468811035
0.3312988579273224,0.2576289176940918,0.29465582966804504,0.37774595618247986
0.3312988579273224,0.2576289176940918,0.29465582966804504,0.37774595618247986
0.3312988579273224,0.2576289176940918,0.29465582966804504,0.37774595618247986
0.3312988579273224,0.2576289176940918,0.29465582966804504,0.37774595618247986
0.3312988579273224,0.2576289176940918,0.29465582966804504,0.37774595618247986
0.3312988579273224,0.2576289176940918,0.29465582966804504,0.37774595618247986
0.3312988579273224,0.2576289176940918,0.29465582966804504,0.37774595618247986
0.3312988579273224,0.2576289176940918,0.29465582966804504,0.37774595618247986
0.3312988579273224,0.2576289176940918,0.29465582966804504,0.37774595618247986
0.3312988579273224,0.2576289176940918,0.29465582966804504,0.37774595618247986
0.3312988579273224,0.2576289176940918,0.29465582966804504,0.37774595618247986
0.3022225499153137,0.2560339570045471,0.286171555519104,0.3684347867965698
0.3022225499153137,0.2560339570045471,0.286171555519104,0.3684347867965698
0.3022225499153137,0.2560339570045471,0.286171555519104,0.3684347867965698
0.3022225499153137,0.2560339570045471,0.286171555519104,0.3684347867965698
0.3022225499153137,0.2560339570045471,0.286171555519104,0.3684347867965698
0.3022225499153137,0.2560339570045471,0.286171555519104,0.3684347867965698
0.3022225499153137,0.2560339570045471,0.286171555519104,0.3684347867965698
0.3022225499153137,0.2560339570045471,0.286171555519104,0.3684347867965698
0.3022225499153137,0.2560339570045471,0.286171555519104,0.3684347867965698
0.3022225499153137,0.2560339570045471,0.286171555519104,0.3684347867965698
0.3022225499153137,0.2560339570045471,0.286171555519104,0.3684347867965698
0.3022225499153137,0.2560339570045471,0.286171555519104,0.3684347867965698
0.3022225499153137,0.2560339570045471,0.286171555519104,0.3684347867965698
0.3022225499153137,0.2560339570045471,0.286171555519104,0.3684347867965698
